sample_name,theracil_patient_id,original_patient_id,original_sample_id,cohort,pc1,pc2,pc3,pc4,pc5,ethnie_pca,type_nph,eye,retina,cns,esrd,esrd_age,var,consgnt,gene,allelic_status_var1,type_var1,position_cdna_var1,position_protein_var1,allelic_status_var2,type_var2,position_cdna_var2,position_protein_var2,gwas_phenotypes_complete
HYP3990,,358042.0,57887,0,-0.00164,0.019061,0.006888,0.018254,-0.00024,1,1,0,0,0,1,4.6,0,1,NPHP1,1,0,,,,,,,0
NPH1742,,319078.0,51054,0,-0.00854,0.024761,0.010121,0.016457,-0.00347,1,0,0,0,0,1,7.6,0,0,NPHP1,1,0,,,,,,,0
NPH420,,324795.0,55124,0,-0.00844,0.023664,0.000583,0.013856,-0.00097,1,0,0,0,0,1,8.0,0,1,NPHP1,1,0,,,,,,,0
NPH2533_F1,,354451.0,51042,0,-0.00173,0.018739,0.00791,0.017465,0.012057,1,0,0,0,0,1,8.0,0,1,NPHP1,1,0,,,,,,,0
NPH223_F11,,324204.0,55119,0,-0.00947,0.026851,0.007984,0.017412,0.001417,1,1,1,1,0,1,8.5,1,0,NPHP1,1,0,,,1.0,0.0,c.981del,p.Q338Sfs*29,0
NPH469,,327887.0,59641,0,0.000827,0.017887,0.006188,0.014289,-0.00012,1,1,1,1,0,1,8.8,0,1,NPHP1,1,0,,,,,,,0
NPH2608,,350301.0,55126,0,-0.01061,0.026459,0.009695,0.016954,-0.00542,1,1,1,1,1,1,8.9,0,0,NPHP1,1,0,,,,,,,0
NPH1141_F3,,318321.0,52714,0,-0.01011,0.027016,0.00967,0.016295,-0.00406,1,0,0,0,0,1,8.9,0,0,NPHP1,1,0,,,,,,,0
NPH192,,327068.0,57890,0,-0.00946,0.026544,0.009105,0.017906,-0.00768,1,1,1,0,1,1,9.0,0,0,NPHP1,1,0,,,,,,,0
NPH163_2_F8,,333801.0,52699,0,0.000138,0.01911,0.009454,0.01303,0.0093,1,1,0,0,1,1,9.0,0,1,NPHP1,1,0,,,,,,,0
HYP3899,,358142.0,57895,0,-0.01022,0.026549,0.011035,0.017276,-0.00311,1,0,0,0,0,0,9.2,1,0,NPHP1,1,0,,,1.0,1.0,c.1326+1G>A,p.?,0
NPH853,,322328.0,52705,0,-0.00986,0.0249,0.009328,0.017868,0.005896,1,0,0,0,0,1,4.8,1,0,NPHP1,1,0,,,1.0,1.0,c.1855G>T,p.E619*,0
NPH2194,,332257.0,59630,0,-0.00238,0.018644,0.011195,0.017473,0.004733,1,1,1,1,0,1,9.5,0,1,NPHP1,1,0,,,,,,,0
NPH395_F10,,323665.0,52711,0,-0.00185,0.018846,0.005794,0.012652,-0.00328,1,0,0,0,0,1,9.9,0,1,NPHP1,1,0,,,,,,,0
NPH024_F6,,320007.0,51058,0,-0.00978,0.024059,0.010788,0.016232,0.001758,1,0,0,0,0,1,10.0,0,0,NPHP1,1,0,,,,,,,0
NPH162_2_F8,,321921.0,52698,0,0.000222,0.01971,0.009024,0.013911,0.001253,1,0,0,0,0,1,10.0,0,1,NPHP1,1,0,,,,,,,0
NPH2093,,326944.0,57888,0,-0.01071,0.02554,0.009728,0.015435,-0.00816,1,1,1,1,1,1,10.0,1,0,NPHP1,1,0,,,1.0,1.0,c.1437+1G>T,p.?,0
NPH401_F10,,353594.0,52710,0,-0.00199,0.017527,0.009301,0.01346,-0.00647,1,1,1,1,0,1,10.0,0,1,NPHP1,1,0,,,,,,,0
NPH2707,,352347.0,55136,0,-0.00887,0.02599,0.009061,0.0155,0.00155,1,0,0,0,0,0,10.4,1,0,NPHP1,1,0,,,1.0,1.0,c.1078C>T,p.Q360*,0
NPH933,,322253.0,52704,0,-0.00972,0.022729,0.006553,0.016682,0.001397,1,1,1,1,0,1,11.0,0,0,NPHP1,1,0,,,,,,,0
NPH2543,,348306.0,57894,0,-0.00907,0.027024,0.013004,0.025121,-0.00758,1,1,1,0,1,1,11.0,0,0,NPHP1,1,0,,,,,,,0
NPH1233_F14,,325424.0,55130,0,-0.00932,0.023429,0.011169,0.019724,-0.00413,1,0,0,0,0,1,11.1,0,0,NPHP1,1,0,,,,,,,0
NPH1410,,321432.0,55114,0,-0.00948,0.025784,0.011098,0.020598,0.001154,1,0,0,0,0,1,5.0,0,0,NPHP1,1,0,,,,,,,0
NPH1246_F17,,328107.0,57901,0,-0.00982,0.02538,0.011534,0.021433,0.003421,1,1,1,1,1,1,11.2,0,2,NPHP1,1,0,,,,,,,0
NPH2024,,329166.0,59625,0,-0.00851,0.025322,0.011489,0.016497,0.00573,1,1,1,0,0,1,11.4,0,0,NPHP1,1,0,,,,,,,0
NPH181,,329508.0,59629,0,-0.00388,0.020089,0.004346,0.013613,-0.00451,1,1,1,1,0,1,11.7,0,1,NPHP1,1,0,,,,,,,0
NPH1255,,322237.0,52703,0,-0.01004,0.026427,0.010759,0.022071,-0.00945,1,1,1,1,1,1,12.0,0,0,NPHP1,1,0,,,,,,,0
NPH2583,,349692.0,52700,0,-0.0053,0.0224,0.007083,0.017344,-0.00743,1,1,1,0,1,1,12.0,0,0,NPHP1,1,0,,,,,,,0
NPH1224_F4,,318920.0,59618,0,-0.00919,0.025295,0.007919,0.017781,0.003046,1,1,1,0,1,1,12.0,0,0,NPHP1,1,0,,,,,,,0
NPH396_F10,,353579.0,52713,0,-0.00066,0.018396,0.010248,0.011035,0.000258,1,0,0,0,0,1,12.5,0,1,NPHP1,1,0,,,,,,,0
NPH402_F10,,353585.0,52712,0,-0.00022,0.016327,0.007266,0.010703,0.000599,1,1,1,1,0,1,12.7,0,1,NPHP1,1,0,,,,,,,0
NPH2138_F16,,327945.0,57899,0,-0.01009,0.025279,0.009729,0.016312,0.000706,1,0,0,0,0,1,13.0,0,0,NPHP1,1,0,,,,,,,0
NPH2582,,349677.0,57898,0,-0.00789,0.027284,0.009813,0.014036,-0.00383,1,0,0,0,0,1,13.9,2,0,NPHP1,1,1,c.1252-2A>G,p.?,1.0,1.0,c.1884+1G>T,p.?,0
NPH2705,,352278.0,52716,0,-8.8e-05,0.017349,0.006716,0.017278,0.001667,1,1,1,2,1,1,5.3,3,1,NPHP1,1,0,c.385_386del,p.S129Wfs*18,,,,,0
NPH2102,,321188.0,51063,0,-0.01026,0.026259,0.006589,0.017255,-0.00542,1,1,1,1,0,1,14.0,0,2,NPHP1,1,0,,,,,,,0
NPH2402,,337322.0,52708,0,-0.00884,0.024926,0.011221,0.020028,0.00052,1,1,1,2,0,1,14.0,0,2,NPHP1,1,0,,,,,,,0
NPH027_F6,,338026.0,51059,0,-0.00977,0.025063,0.00711,0.016643,-0.00352,1,1,0,0,1,1,14.5,0,0,NPHP1,1,0,,,,,,,0
NPH1071,,317794.0,51045,0,-0.00996,0.025595,0.009821,0.019452,-0.00069,1,1,1,1,0,1,15.0,0,2,NPHP1,1,0,,,,,,,0
NPH1294,,329190.0,59626,0,-0.00946,0.027563,0.011272,0.012825,-0.00763,1,1,0,0,1,1,15.4,1,2,NPHP1,1,0,,,1.0,1.0,c.1027G>A,p.G343R,0
NPH138_F6,,338034.0,51060,0,-0.00921,0.024552,0.009999,0.01702,0.000761,1,0,0,0,0,1,15.7,0,0,NPHP1,1,0,,,,,,,0
NPH236_F1,,316636.0,51041,0,-0.00167,0.019627,0.010009,0.016664,0.006307,1,1,1,2,0,1,16.7,0,1,NPHP1,1,0,,,,,,,0
NPH2412,,337822.0,55132,0,0.001113,0.017209,0.008337,0.017633,0.00186,1,0,0,0,0,1,16.7,0,2,NPHP1,1,0,,,,,,,0
NPH1247_F17,,328130.0,57902,0,-0.0101,0.024962,0.010147,0.017669,-0.00536,1,1,1,1,0,1,17.0,0,2,NPHP1,1,0,,,,,,,0
NPH912_F15,,327125.0,57891,0,-0.00902,0.026047,0.009152,0.020157,0.00627,1,1,1,1,0,1,17.0,0,0,NPHP1,1,0,,,,,,,0
NPH2201,,331936.0,51052,0,-0.01049,0.023863,0.010986,0.022826,-0.00247,1,0,0,0,0,1,6.0,0,2,NPHP1,1,0,,,,,,,0
NPH224_F11,,335758.0,55120,0,-0.00939,0.027433,0.008698,0.017467,-0.00453,1,0,0,0,0,1,17.3,1,0,NPHP1,1,0,,,1.0,0.0,c.981del,p.Q338Sfs*29,0
NPH1182_F3,,318332.0,52715,0,-0.01005,0.025274,0.008509,0.016679,0.000139,1,0,0,0,0,1,17.4,0,0,NPHP1,1,0,,,,,,,0
NPH2440,,320282.0,51061,0,-0.0096,0.025913,0.007992,0.015666,0.00906,1,1,1,1,0,1,18.0,0,2,NPHP1,1,0,,,,,,,0
NPH2532_F13,,348587.0,55123,0,-0.01058,0.026911,0.011708,0.014711,0.002278,1,0,0,0,0,0,18.4,0,0,NPHP1,1,0,,,,,,,0
NPH1838,,324001.0,55118,0,-1.3e-05,0.01738,0.007681,0.016143,-0.00673,1,1,1,1,0,1,19.0,0,1,NPHP1,1,0,,,,,,,0
NPH2524_F4,,350398.0,59619,0,-0.0102,0.025429,0.007037,0.01983,0.003172,1,0,0,0,0,1,19.0,0,0,NPHP1,1,0,,,,,,,0
NPH1232_F14,,325427.0,55129,0,-0.00955,0.027138,0.011247,0.018724,0.000413,1,0,0,0,0,1,19.3,0,0,NPHP1,1,0,,,,,,,0
NPH2326,,334583.0,51055,0,-0.01004,0.025498,0.0098,0.021671,0.001112,1,0,0,0,0,1,19.6,0,0,NPHP1,1,0,,,,,,,0
NPH2229,,332040.0,51064,0,-0.00972,0.0252,0.010352,0.016243,-0.00603,1,0,0,0,0,1,21.0,0,0,NPHP1,1,0,,,,,,,0
NPH266,,355106.0,55128,0,-0.00992,0.026116,0.008452,0.018627,0.004221,1,0,0,0,0,1,21.0,0,0,NPHP1,1,0,,,,,,,0
NPH2207,,332320.0,52717,0,-0.01028,0.023396,0.008821,0.015082,-0.00085,1,0,0,0,0,1,7.0,1,0,NPHP1,1,0,,,1.0,0.0,c.1811_1929del,p.D604Efs*16,0
NPH1560_F12,,324720.0,57885,0,-0.00221,0.020575,0.006309,0.016963,-0.00405,1,0,1,2,0,1,21.0,0,1,NPHP1,1,0,,,,,,,0
NPH2096_F2,,318009.0,51049,0,-0.00876,0.026215,0.010397,0.01948,-0.00488,1,0,0,0,0,1,21.0,0,0,NPHP1,1,0,,,,,,,0
NPH2376,,335991.0,59623,0,-0.00795,0.025292,0.011284,0.019647,0.004783,1,0,0,0,0,1,21.5,1,0,NPHP1,1,0,,,1.0,1.0,c.1226G>C,p.R409P,0
NCR3869,,355757.0,52697,0,0.00124,0.017569,0.000184,0.01214,0.005647,1,0,0,0,0,1,21.8,0,1,NPHP1,1,0,,,,,,,0
NPH1559_F12,,324731.0,57884,0,-0.00184,0.020513,0.007271,0.016067,-0.00236,1,1,1,2,0,1,22.0,0,1,NPHP1,1,0,,,,,,,0
NPH2179,,322212.0,52702,0,-0.00789,0.026553,0.009334,0.018288,0.001052,1,1,1,0,0,1,22.5,0,1,NPHP1,1,0,,,,,,,0
NPH1859_F18,,329374.0,59627,0,-0.00936,0.025973,0.010649,0.018141,0.006288,1,0,0,0,0,1,22.8,0,0,NPHP1,1,0,,,,,,,0
NPH2031,,317959.0,51047,0,-0.00836,0.02529,0.006195,0.016427,-0.00123,1,0,0,0,0,1,23.0,0,2,NPHP1,1,0,,,,,,,0
NPH1084_F7,,320386.0,57880,0,-0.01045,0.024406,0.009927,0.017135,0.000997,1,0,0,0,0,1,23.5,0,0,NPHP1,1,0,,,,,,,0
NPH1223,,325162.0,55127,0,-0.0091,0.024015,0.010211,0.020851,0.006052,1,0,1,0,0,1,24.0,1,0,NPHP1,1,0,,,1.0,1.0,c.1027G>C,p.G342R,0
NPH2775,,356008.0,55133,0,-0.0071,0.022881,0.010147,0.014023,0.002328,1,0,0,0,0,1,7.0,0,0,NPHP1,1,0,,,,,,,0
NPH2781,,357303.0,52694,0,-0.01092,0.025319,0.011214,0.015848,-0.00387,1,0,0,0,0,1,24.0,0,2,NPHP1,1,0,,,,,,,0
NPH1070,,335227.0,59621,0,-0.00737,0.025776,0.001098,0.011543,-0.0045,1,0,0,0,0,1,24.7,0,2,NPHP1,1,0,,,,,,,0
NPH1195,,322707.0,52707,0,-0.01095,0.025987,0.009528,0.020956,-0.00238,1,1,1,1,0,1,25.4,0,2,NPHP1,1,0,,,,,,,0
NPH1297,,322139.0,52701,0,-0.00994,0.025602,0.007969,0.015742,-0.0026,1,0,0,0,0,1,25.9,0,0,NPHP1,1,0,,,,,,,0
CKD54,,,51044,0,-0.00796,0.025685,0.008674,0.019732,-0.00291,1,0,0,0,0,1,26.0,0,2,NPHP1,1,0,,,,,,,0
NPH2094_F2,,317998.0,51048,0,-0.00837,0.026363,0.011377,0.019835,0.000562,1,0,0,0,0,1,26.0,0,0,NPHP1,1,0,,,,,,,0
NPH1103_F7,,320397.0,57881,0,-0.01038,0.025543,0.00968,0.015174,-0.00892,1,1,0,0,1,1,26.3,0,0,NPHP1,1,0,,,,,,,0
NPH2263,,331922.0,51051,0,-0.01065,0.026394,0.011877,0.019093,-0.0006,1,0,0,0,0,1,27.0,0,0,NPHP1,1,0,,,,,,,0
NPH1642,,321102.0,55113,0,-0.00921,0.025609,0.010886,0.018057,-0.00431,1,0,0,0,0,1,28.9,0,0,NPHP1,1,0,,,,,,,0
NPH2620,,350701.0,59622,0,-0.00942,0.024809,0.008102,0.018843,-0.00118,1,0,0,0,0,1,29.0,0,2,NPHP1,1,0,,,,,,,0
NPH513,,327016.0,57889,0,-0.00151,0.020693,0.010231,0.009219,0.005097,1,1,1,1,1,1,7.3,0,1,NPHP1,1,0,,,,,,,0
NP1537_F9,,323063.0,57882,0,-0.01014,0.026201,0.011596,0.014493,-0.00014,1,0,0,0,0,1,29.0,0,0,NPHP1,1,0,,,,,,,0
NPH1542,,325065.0,59620,0,-0.00964,0.02367,0.010493,0.019846,0.000331,1,1,1,1,0,1,34.0,0,2,NPHP1,1,0,,,,,,,0
NPH2029_F18,,317998.0,59628,0,-0.00977,0.024941,0.006744,0.01747,0.0055,1,0,0,0,0,0,34.3,0,0,NPHP1,1,0,,,,,,,0
NTI234,,335699.0,55121,0,0.001186,0.018104,0.007164,0.014709,0.002392,1,1,1,1,0,1,40.3,0,0,NPHP1,1,0,,,,,,,0
NTI1025,,351538.0,51062,0,-0.01029,0.026293,0.008834,0.01704,0.002358,1,1,1,1,1,1,42.0,0,0,NPHP1,1,0,,,,,,,0
NPH1069_F15,,327116.0,57892,0,-0.00925,0.025596,0.012367,0.017081,0.002336,1,1,1,1,1,0,,0,0,NPHP1,1,0,,,,,,,0
NPH1014,,318223.0,51050,0,-0.00517,0.022481,0.008195,0.016113,-6.5e-05,1,1,1,0,1,1,7.4,0,2,NPHP1,1,0,,,,,,,0
NPH1681,,327564.0,57896,0,-0.00962,0.025283,0.007614,0.017504,-0.00228,1,1,1,0,0,0,,0,0,NPHP1,1,0,,,,,,,0
NPH2248,,332115.0,55116,0,-0.0099,0.023927,0.011579,0.021269,0.002503,1,0,0,0,0,0,,1,0,NPHP1,1,0,,,1.0,0.0,c.1884+5delG,p.?,0
HYP2488,,334542.0,55115,0,-0.01027,0.025483,0.0101,0.016857,0.000415,1,0,0,0,0,0,,1,2,NPHP1,1,0,,,1.0,1.0,c.143G>A,p.R48K,0
NPH2363,,339187.0,51053,0,-0.01008,0.026627,0.010317,0.016721,-0.007,1,1,0,0,1,0,,0,0,NPHP1,1,0,,,,,,,0
NPH2686_F13,,351421.0,55122,0,-0.00863,0.026465,0.01189,0.017711,0.00203,1,0,0,0,0,0,,0,0,NPHP1,1,0,,,,,,,0
NPH2172_F16,,327934.0,57900,0,-0.0095,0.023632,0.010412,0.015677,0.013718,1,0,0,0,0,0,,0,0,NPHP1,1,0,,,,,,,0
NPH_BON_FLA,,358231.0,59631,0,-0.00976,0.027559,0.006171,0.018296,-0.0034,1,0,0,0,0,0,,0,0,NPHP1,1,0,,,,,,,0
